date,league,game_id,away_team,away_score,home_team,home_score,winner,status
20260101,nba,401810326,HOU,120,BKN,96,HOU,Final
20260101,nba,401810327,MIA,118,DET,112,MIA,Final
20260101,nba,401810328,PHI,123,DAL,108,PHI,Final
20260101,nba,401810329,BOS,120,SAC,106,BOS,Final
20260101,nba,401810330,UTAH,101,LAC,118,LAC,Final
20260102,nba,401810331,SA,123,IND,113,SA,Final
20260102,nba,401810332,BKN,99,WSH,119,WSH,Final
20260102,nba,401810333,DEN,108,CLE,113,CLE,Final
20260102,nba,401810334,ATL,111,NY,99,ATL,Final
20260102,nba,401810335,ORL,114,CHI,121,CHI,Final
20260102,nba,401810336,CHA,121,MIL,122,MIL,Final
20260102,nba,401810337,POR,122,NO,109,POR,Final
20260102,nba,401810338,SAC,102,PHX,129,PHX,Final
20260102,nba,401810339,OKC,131,GS,94,OKC,Final
20260102,nba,401810340,MEM,121,LAL,128,LAL,Final
20260103,nba,401810341,MIN,125,MIA,115,MIN,Final
20260103,nba,401810342,PHI,130,NY,119,PHI,Final
20260103,nba,401810343,ATL,117,TOR,134,TOR,Final
20260103,nba,401810344,CHA,112,CHI,99,CHA,Final
20260103,nba,401810345,POR,115,SA,110,POR,Final
20260103,nba,401810346,HOU,104,DAL,110,DAL,Final
20260103,nba,401810347,UTAH,114,GS,123,GS,Final
20260103,nba,401810348,BOS,146,LAC,115,BOS,Final
20260104,nba,401810349,DET,114,CLE,110,DET,Final
20260104,nba,401810350,IND,127,ORL,135,ORL,Final
20260104,nba,401810351,DEN,115,BKN,127,BKN,Final
20260104,nba,401810352,NO,106,MIA,125,MIA,Final
20260104,nba,401810353,MIN,141,WSH,115,MIN,Final
20260104,nba,401810354,OKC,105,PHX,108,PHX,Final
20260104,nba,401810355,MIL,115,SAC,98,MIL,Final
20260104,nba,401810356,MEM,114,LAL,120,LAL,Final
20260105,nba,401810357,NY,90,DET,121,DET,Final
20260105,nba,401810358,CHI,101,BOS,115,BOS,Final
20260105,nba,401810359,ATL,100,TOR,118,TOR,Final
20260105,nba,401810360,PHX,97,HOU,100,HOU,Final
20260105,nba,401810361,CHA,124,OKC,97,CHA,Final
20260105,nba,401810362,DEN,125,PHI,124,DEN,Final/OT
20260105,nba,401810363,GS,102,LAC,103,LAC,Final
20260105,nba,401810364,UTAH,117,POR,137,POR,Final
20260106,nba,401810365,CLE,120,IND,116,CLE,Final
20260106,nba,401810366,ORL,112,WSH,120,WSH,Final
20260106,nba,401810367,SA,105,MEM,106,MEM,Final
20260106,nba,401810368,MIA,94,MIN,122,MIN,Final
20260106,nba,401810369,LAL,111,NO,103,LAL,Final
20260106,nba,401810370,DAL,100,SAC,98,DAL,Final
20260107,nba,401810371,TOR,97,CHA,96,TOR,Final
20260107,nba,401810372,CHI,93,DET,108,DET,Final
20260107,nba,401810373,WSH,110,PHI,131,PHI,Final
20260107,nba,401810375,DEN,114,BOS,110,DEN,Final
20260107,nba,401810374,NO,100,ATL,117,ATL,Final
20260107,nba,401810376,ORL,104,BKN,103,ORL,Final/OT
20260107,nba,401810377,LAC,111,NY,123,NY,Final
20260107,nba,401810379,PHX,117,MEM,98,PHX,Final
20260107,nba,401810380,UTAH,125,OKC,129,OKC,Final/OT
20260107,nba,401810378,LAL,91,SA,107,SA,Final
20260107,nba,401810381,MIL,113,GS,120,GS,Final
20260107,nba,401810382,HOU,102,POR,103,POR,Final
20260108,nba,401810383,IND,114,CHA,112,IND,Final
20260108,nba,401810385,CLE,122,MIN,131,MIN,Final
20260108,nba,401810386,DAL,114,UTAH,116,UTAH,Final
20260109,nba,401810387,TOR,117,BOS,125,BOS,Final
20260109,nba,401810388,PHI,103,ORL,91,PHI,Final
20260109,nba,401810389,NO,128,WSH,107,NO,Final
20260109,nba,401810390,LAC,121,BKN,105,LAC,Final
20260109,nba,401810391,OKC,117,MEM,116,OKC,Final
20260109,nba,401810392,ATL,110,DEN,87,ATL,Final
20260109,nba,401810393,NY,107,PHX,112,PHX,Final
20260109,nba,401810394,SAC,103,GS,137,GS,Final
20260109,nba,401810395,HOU,105,POR,111,POR,Final
20260109,nba,401810396,MIL,105,LAL,101,MIL,Final
20260110,nba,401810397,MIN,134,CLE,146,CLE,Final
20260110,nba,401810398,MIA,99,IND,123,IND,Final
20260110,nba,401810399,LAC,98,DET,92,LAC,Final
20260110,nba,401810400,SA,100,BOS,95,SA,Final
20260110,nba,401810401,DAL,107,CHI,125,CHI,Final
20260110,nba,401810402,CHA,150,UTAH,95,CHA,Final
20260111,nba,401810403,NO,118,ORL,128,ORL,Final
20260111,nba,401810404,BKN,98,MEM,103,MEM,Final
20260111,nba,401810405,PHI,115,TOR,116,TOR,Final/OT
20260111,nba,401810406,NY,123,POR,114,NY,Final
20260111,nba,401810407,SA,103,MIN,104,MIN,Final
20260111,nba,401810408,MIA,112,OKC,124,OKC,Final
20260111,nba,401810409,MIL,104,DEN,108,DEN,Final
20260111,nba,401810410,WSH,93,PHX,112,PHX,Final
20260111,nba,401810411,ATL,124,GS,111,ATL,Final
20260111,nba,401810412,HOU,98,SAC,111,SAC,Final
20260112,nba,401810413,UTAH,123,CLE,112,UTAH,Final
20260112,nba,401810414,BOS,96,IND,98,IND,Final
20260112,nba,401810415,PHI,115,TOR,102,PHI,Final
20260112,nba,401810416,BKN,105,DAL,113,DAL,Final
20260112,nba,401810417,LAL,112,SAC,124,SAC,Final
20260112,nba,401810418,CHA,109,LAC,117,LAC,Final
20260113,nba,401810419,PHX,121,MIA,127,MIA,Final
20260113,nba,401810420,CHI,113,HOU,119,HOU,Final
20260113,nba,401810421,MIN,139,MIL,106,MIN,Final
20260113,nba,401810422,DEN,122,NO,116,DEN,Final
20260113,nba,401810423,SA,98,OKC,119,OKC,Final
20260113,nba,401810424,ATL,116,LAL,141,LAL,Final
20260113,nba,401810425,POR,97,GS,119,GS,Final
20260114,nba,401810426,TOR,115,IND,101,TOR,Final
20260114,nba,401810427,CLE,133,PHI,107,CLE,Final
20260114,nba,401810428,UTAH,126,CHI,128,CHI,Final
20260114,nba,401810429,BKN,113,NO,116,NO,Final
20260114,nba,401810430,DEN,118,DAL,109,DEN,Final
20260114,nba,401810431,NY,101,SAC,112,SAC,Final
20260114,nba,401810432,WSH,105,LAC,119,LAC,Final
20260115,nba,401810433,MEM,111,ORL,118,ORL,Final
20260115,nba,401810434,PHX,105,DET,108,DET,Final
20260115,nba,401810435,BOS,119,MIA,114,BOS,Final
20260115,nba,401810436,OKC,111,HOU,91,OKC,Final
20260115,nba,401810437,MIL,101,SA,119,SA,Final
20260115,nba,401810438,UTAH,122,DAL,144,DAL,Final
20260115,nba,401810439,NY,113,GS,126,GS,Final
20260115,nba,401810440,ATL,101,POR,117,POR,Final
20260115,nba,401810441,CHA,135,LAL,117,CHA,Final
20260116,nba,401810443,NO,119,IND,127,IND,Final
20260116,nba,401810444,CLE,117,PHI,115,CLE,Final
20260116,nba,401810442,CHI,109,BKN,112,BKN,Final
20260116,nba,401810445,LAC,121,TOR,117,LAC,Final/OT
20260116,nba,401810446,MIN,105,HOU,110,HOU,Final
20260116,nba,401810447,WSH,115,SAC,128,SAC,Final
20260117,nba,401810448,UTAH,120,DAL,138,DAL,Final
20260117,nba,401810449,BOS,132,ATL,106,BOS,Final
20260117,nba,401810450,IND,78,DET,121,DET,Final
20260117,nba,401810451,PHX,106,NY,99,PHX,Final
20260117,nba,401810452,OKC,120,MIA,122,MIA,Final
20260117,nba,401810453,MIN,123,SA,126,SA,Final
20260117,nba,401810454,CHA,116,GS,136,GS,Final
20260117,nba,401810455,WSH,115,DEN,121,DEN,Final
20260117,nba,401810456,LAL,116,POR,132,POR,Final
20260118,nba,401810457,ORL,109,MEM,126,MEM,Final
20260118,nba,401810458,BKN,102,CHI,124,CHI,Final
20260118,nba,401810459,NO,110,HOU,119,HOU,Final
20260118,nba,401810460,CHA,110,DEN,87,CHA,Final
20260118,nba,401810461,POR,117,SAC,110,POR,Final
20260118,nba,401810462,TOR,93,LAL,110,LAL,Final
20260119,nba,401809247,MIL,112,ATL,110,MIL,Final
20260119,nba,401809248,OKC,136,CLE,104,OKC,Final
20260119,nba,401810463,LAC,110,WSH,106,LAC,Final
20260119,nba,401809249,DAL,114,NY,97,DAL,Final
20260119,nba,401810466,UTAH,110,SA,123,SA,Final
20260119,nba,401810464,IND,104,PHI,113,PHI,Final
20260119,nba,401810465,PHX,126,BKN,117,PHX,Final
20260119,nba,401809250,BOS,103,DET,104,DET,Final
20260119,nba,401810467,MIA,112,GS,135,GS,Final
20260120,nba,401810468,PHX,116,PHI,110,PHX,Final
20260120,nba,401810469,LAC,110,CHI,138,CHI,Final
20260120,nba,401810470,SA,106,HOU,111,HOU,Final
20260120,nba,401810471,MIN,122,UTAH,127,UTAH,Final
20260120,nba,401810472,LAL,115,DEN,107,LAL,Final
20260120,nba,401810473,TOR,145,GS,127,TOR,Final
20260120,nba,401810474,MIA,130,SAC,117,MIA,Final
20260121,nba,401810475,CLE,94,CHA,87,CLE,Final
20260121,nba,401810476,IND,104,BOS,119,BOS,Final
20260121,nba,401810477,BKN,66,NY,120,NY,Final
20260121,nba,401810478,ATL,124,MEM,122,ATL,Final
20260121,nba,401810479,DET,112,NO,104,DET,Final
20260121,nba,401810480,OKC,122,MIL,102,OKC,Final
20260121,nba,401810481,TOR,122,SAC,109,TOR,Final
20260122,nba,401810482,CHA,124,ORL,97,CHA,Final
20260122,nba,401810483,HOU,122,PHI,128,PHI,Final/OT
20260122,nba,401810484,DEN,107,WSH,97,DEN,Final
20260122,nba,401810485,GS,115,DAL,123,DAL,Final
20260122,nba,401810486,CHI,120,MIN,115,CHI,Final
20260122,nba,401810487,SA,126,UTAH,109,SA,Final
20260122,nba,401810488,LAL,104,LAC,112,LAC,Final
20260122,nba,401810489,MIA,110,POR,127,POR,Final
20260123,nba,401810490,HOU,111,DET,104,HOU,Final
20260123,nba,401810491,PHX,103,ATL,110,ATL,Final
20260123,nba,401810492,BOS,130,BKN,126,BOS,Final/2OT
20260123,nba,401810493,SAC,118,CLE,123,CLE,Final
20260123,nba,401810494,NO,133,MEM,127,NO,Final
20260123,nba,401810496,IND,117,OKC,114,IND,Final
20260123,nba,401810495,DEN,102,MIL,100,DEN,Final
20260123,nba,401810497,TOR,110,POR,98,TOR,Final
20260124,nba,401810500,WSH,115,CHA,119,CHA,Final
20260124,nba,401810498,NY,112,PHI,109,NY,Final
20260124,nba,401810501,CLE,119,ORL,105,CLE,Final
20260124,nba,401810502,BOS,111,CHI,114,CHI,Final
20260124,nba,401810503,LAL,116,DAL,110,LAL,Final
20260124,nba,401810504,MIA,147,UTAH,116,MIA,Final
20260125,nba,401810505,SAC,116,DET,139,DET,Final
20260125,nba,401857824,GS,111,MIN,85,GS,Final
20260125,nba,401810508,TOR,103,OKC,101,TOR,Final
20260125,nba,401810509,NO,104,SA,95,NO,Final
20260125,nba,401810510,MIA,111,PHX,102,MIA,Final
20260125,nba,401810511,BKN,89,LAC,126,LAC,Final
20260126,nba,401810514,IND,116,ATL,132,ATL,Final
20260126,nba,401810512,PHI,93,CHA,130,CHA,Final
20260126,nba,401810513,ORL,98,CLE,114,CLE,Final
20260126,nba,401810515,POR,94,BOS,102,BOS,Final
20260126,nba,401810516,LAL,129,CHI,118,LAL,Final
20260126,nba,401810517,MEM,99,HOU,108,HOU,Final
20260126,nba,401810518,GS,83,MIN,108,MIN,Final
20260127,nba,401810519,POR,111,WSH,115,WSH,Final
20260127,nba,401810520,SAC,87,NY,103,NY,Final
20260127,nba,401810521,MIL,122,PHI,139,PHI,Final
20260127,nba,401810522,NO,95,OKC,104,OKC,Final
20260127,nba,401810523,DET,109,DEN,107,DET,Final
20260127,nba,401810524,BKN,102,PHX,106,PHX,Final
20260127,nba,401810525,LAC,115,UTAH,103,LAC,Final
20260128,nba,401810526,LAL,99,CLE,129,CLE,Final
20260128,nba,401810527,CHI,110,IND,113,IND,Final
20260128,nba,401810528,ATL,117,BOS,106,ATL,Final
20260128,nba,401810529,ORL,133,MIA,124,ORL,Final
20260128,nba,401810530,NY,119,TOR,92,NY,Final
20260128,nba,401810531,CHA,112,MEM,97,CHA,Final
20260128,nba,401810532,MIN,118,DAL,105,MIN,Final
20260128,nba,401810533,GS,140,UTAH,124,GS,Final
20260128,nba,401810534,SA,111,HOU,99,SA,Final
20260129,nba,401810535,SAC,111,PHI,113,PHI,Final
20260129,nba,401810536,MIL,99,WSH,109,WSH,Final
20260129,nba,401810537,HOU,104,ATL,86,HOU,Final
20260129,nba,401850920,MIA,116,CHI,113,MIA,Final
20260129,nba,401810538,CHA,123,DAL,121,CHA,Final
20260129,nba,401810539,BKN,103,DEN,107,DEN,Final
20260129,nba,401810540,DET,96,PHX,114,PHX,Final
20260129,nba,401810541,OKC,111,MIN,123,MIN,Final
20260130,nba,401810543,LAL,142,WSH,111,LAL,Final
20260130,nba,401810542,TOR,120,ORL,130,ORL,Final
20260130,nba,401810544,SAC,93,BOS,112,BOS,Final
20260130,nba,401810545,POR,97,NY,127,NY,Final
20260130,nba,401810546,MEM,106,NO,114,NO,Final
20260130,nba,401810548,CLE,113,PHX,126,PHX,Final
20260130,nba,401810550,LAC,109,DEN,122,DEN,Final
20260130,nba,401810549,BKN,109,UTAH,99,BKN,Final
20260130,nba,401810551,DET,131,GS,124,DET,Final
20260131,nba,401810552,SA,106,CHA,111,CHA,Final
20260131,nba,401810553,ATL,124,IND,129,IND,Final
20260131,nba,401810554,NO,114,PHI,124,PHI,Final
20260131,nba,401810547,CHI,125,MIA,118,CHI,Final
20260131,nba,401810555,MIN,131,MEM,114,MIN,Final
20260131,nba,401810556,DAL,107,HOU,111,HOU,Final
20260201,nba,401810557,MIL,79,BOS,107,BOS,Final
20260201,nba,401810559,BKN,77,DET,130,DET,Final
20260201,nba,401810560,CHI,91,MIA,134,MIA,Final
20260201,nba,401810561,UTAH,100,TOR,107,TOR,Final
20260201,nba,401810562,SAC,112,WSH,116,WSH,Final
20260201,nba,401810563,LAL,100,NY,112,NY,Final
20260201,nba,401810564,LAC,117,PHX,93,LAC,Final
20260201,nba,401810558,ORL,103,SA,112,SA,Final
20260201,nba,401810565,CLE,130,POR,111,CLE,Final
20260201,nba,401810566,OKC,121,DEN,111,OKC,Final
20260202,nba,401810567,NO,95,CHA,102,CHA,Final
20260202,nba,401810568,HOU,118,IND,114,HOU,Final
20260202,nba,401810569,MIN,128,MEM,137,MEM,Final
20260202,nba,401810570,PHI,128,LAC,113,PHI,Final
20260203,nba,401810571,DEN,121,DET,124,DET,Final
20260203,nba,401810572,UTAH,131,IND,122,UTAH,Final
20260203,nba,401810573,NY,132,WSH,101,NY,Final
20260203,nba,401810574,LAL,125,BKN,109,LAL,Final
20260203,nba,401810575,ATL,127,MIA,115,ATL,Final
20260203,nba,401810576,BOS,110,DAL,100,BOS,Final
20260203,nba,401810577,CHI,115,MIL,131,MIL,Final
20260203,nba,401810578,ORL,92,OKC,128,OKC,Final
20260203,nba,401810579,PHI,113,GS,94,PHI,Final
20260203,nba,401810580,PHX,130,POR,125,PHX,Final
20260204,nba,401810581,DEN,127,NY,134,NY,Final/2OT
20260204,nba,401810582,MIN,128,TOR,126,MIN,Final
20260204,nba,401810583,BOS,114,HOU,93,BOS,Final
20260204,nba,401810584,NO,137,MIL,141,MIL,Final/OT
20260204,nba,401810585,OKC,106,SA,116,SA,Final
20260204,nba,401810586,MEM,129,SAC,125,MEM,Final
20260204,nba,401810587,CLE,124,LAC,91,CLE,Final
20260205,nba,401810588,WSH,126,DET,117,WSH,Final
20260205,nba,401810589,BKN,98,ORL,118,ORL,Final
20260205,nba,401810590,UTAH,119,ATL,121,ATL,Final
20260205,nba,401810591,CHI,107,TOR,123,TOR,Final
20260205,nba,401810592,CHA,109,HOU,99,CHA,Final
20260205,nba,401810593,SA,135,DAL,123,SA,Final
20260205,nba,401810594,GS,101,PHX,97,GS,Final
20260205,nba,401810595,PHI,115,LAL,119,LAL,Final
20260206,nba,401810596,MIA,96,BOS,98,BOS,Final
20260206,nba,401810597,NY,80,DET,118,DET,Final
20260206,nba,401810598,IND,99,MIL,105,MIL,Final
20260206,nba,401810599,NO,119,MIN,115,NO,Final
20260206,nba,401810600,MEM,115,POR,135,POR,Final
20260206,nba,401810601,LAC,114,SAC,111,LAC,Final
20260207,nba,401810602,WSH,113,BKN,127,BKN,Final
20260207,nba,401810603,HOU,112,OKC,106,HOU,Final
20260207,nba,401810604,DAL,125,SA,138,SA,Final
20260207,nba,401810605,UTAH,117,ORL,120,ORL,Final
20260207,nba,401810606,CHA,126,ATL,119,CHA,Final
20260207,nba,401810607,DEN,136,CHI,120,DEN,Final
20260207,nba,401810608,GS,99,LAL,105,LAL,Final
20260207,nba,401810609,PHI,109,PHX,103,PHI,Final
20260207,nba,401810610,MEM,115,POR,122,POR,Final
20260207,nba,401810611,CLE,132,SAC,126,CLE,Final
20260208,nba,401810612,NY,111,BOS,89,NY,Final
20260208,nba,401810613,MIA,132,WSH,101,MIA,Final
20260208,nba,401810614,IND,104,TOR,122,TOR,Final
20260208,nba,401810615,LAC,115,MIN,96,LAC,Final
20260209,nba,401810616,DET,110,CHA,104,DET,Final
20260209,nba,401810617,CHI,115,BKN,123,BKN,Final
20260209,nba,401810618,UTAH,115,MIA,111,UTAH,Final
20260209,nba,401810619,MIL,99,ORL,118,ORL,Final
20260209,nba,401810620,ATL,116,MIN,138,MIN,Final
20260209,nba,401810621,SAC,94,NO,120,NO,Final
20260209,nba,401810622,CLE,119,DEN,117,CLE,Final
20260209,nba,401810623,MEM,113,GS,114,GS,Final
20260209,nba,401810624,OKC,119,LAL,110,OKC,Final
20260209,nba,401810625,PHI,118,POR,135,POR,Final
20260210,nba,401810626,IND,137,NY,134,IND,Final/OT
20260210,nba,401810627,LAC,95,HOU,102,HOU,Final
20260210,nba,401810628,DAL,111,PHX,120,PHX,Final
20260210,nba,401810629,SA,136,LAL,108,SA,Final
20260211,nba,401810630,ATL,107,CHA,110,CHA,Final
20260211,nba,401810631,WSH,113,CLE,138,CLE,Final
20260211,nba,401810632,MIL,116,ORL,108,MIL,Final
20260211,nba,401810633,CHI,105,BOS,124,BOS,Final
20260211,nba,401810634,IND,115,BKN,110,IND,Final
20260211,nba,401810635,NY,138,PHI,89,NY,Final
20260211,nba,401810636,DET,113,TOR,95,DET,Final
20260211,nba,401810637,LAC,105,HOU,102,LAC,Final
20260211,nba,401810638,POR,109,MIN,133,MIN,Final
20260211,nba,401810639,MIA,123,NO,111,MIA,Final
20260211,nba,401810640,OKC,136,PHX,109,OKC,Final
20260211,nba,401810641,SAC,93,UTAH,121,UTAH,Final
20260211,nba,401810642,MEM,116,DEN,122,DEN,Final
20260211,nba,401810643,SA,126,GS,113,SA,Final
20260212,nba,401810644,MIL,110,OKC,93,MIL,Final
20260212,nba,401810645,POR,135,UTAH,119,POR,Final
20260212,nba,401810646,DAL,104,LAL,124,LAL,Final
20260215,nba,401838140,WORLD,35,STARS,37,STARS,Final/OT
20260215,nba,401838141,STARS,40,STRIPES,42,STRIPES,Final
20260215,nba,401838142,WORLD,45,STRIPES,48,STRIPES,Final
20260215,nba,401838143,STARS,47,STRIPES,21,STARS,Final
20260219,nba,401810647,HOU,105,CHA,101,HOU,Final
20260219,nba,401810648,BKN,84,CLE,112,CLE,Final
20260219,nba,401810649,ATL,117,PHI,107,ATL,Final
20260219,nba,401810650,IND,105,WSH,112,WSH,Final
20260219,nba,401810651,DET,126,NY,111,DET,Final
20260219,nba,401810652,TOR,110,CHI,101,TOR,Final
20260219,nba,401810653,PHX,94,SA,121,SA,Final
20260219,nba,401810654,BOS,121,GS,110,BOS,Final
20260219,nba,401810655,ORL,131,SAC,94,ORL,Final
20260219,nba,401810656,DEN,114,LAC,115,LAC,Final
20260220,nba,401810657,CLE,118,CHA,113,CLE,Final
20260220,nba,401810658,IND,118,WSH,131,WSH,Final
20260220,nba,401810659,UTAH,114,MEM,123,MEM,Final
20260220,nba,401810660,MIA,128,ATL,97,MIA,Final
20260220,nba,401810661,DAL,111,MIN,122,MIN,Final
20260220,nba,401810662,MIL,139,NO,118,MIL,Final
20260220,nba,401810663,BKN,86,OKC,105,OKC,Final
20260220,nba,401810665,DEN,157,POR,103,DEN,Final
20260220,nba,401810664,LAC,122,LAL,125,LAL,Final
20260221,nba,401810666,ORL,110,PHX,113,PHX,Final/2OT
20260221,nba,401810667,PHI,111,NO,126,NO,Final
20260221,nba,401810668,MEM,120,MIA,136,MIA,Final
20260221,nba,401810669,DET,126,CHI,110,DET,Final
20260221,nba,401810670,SAC,122,SA,139,SA,Final
20260221,nba,401810671,HOU,106,NY,108,NY,Final
20260222,nba,401810672,CLE,113,OKC,121,OKC,Final
20260222,nba,401810673,BKN,104,ATL,115,ATL,Final
20260222,nba,401810674,TOR,122,MIL,94,TOR,Final
20260222,nba,401810675,DEN,117,GS,128,GS,Final
20260222,nba,401810676,DAL,134,IND,130,DAL,Final
20260222,nba,401810677,CHA,129,WSH,112,CHA,Final
20260222,nba,401810678,BOS,111,LAL,89,BOS,Final
20260222,nba,401810679,PHI,135,MIN,108,PHI,Final
20260222,nba,401810680,NY,105,CHI,99,NY,Final
20260222,nba,401810681,POR,92,PHX,77,POR,Final
20260222,nba,401810682,ORL,111,LAC,109,ORL,Final
20260223,nba,401810683,SA,114,DET,103,SA,Final
20260223,nba,401810684,SAC,123,MEM,114,SAC,Final
20260223,nba,401810685,UTAH,105,HOU,125,HOU,Final
20260224,nba,401810686,PHI,135,IND,114,PHI,Final
20260224,nba,401810687,WSH,98,ATL,119,ATL,Final
20260224,nba,401810688,DAL,123,BKN,114,DAL,Final
20260224,nba,401810689,OKC,116,TOR,107,OKC,Final
20260224,nba,401810690,NY,94,CLE,109,CLE,Final
20260224,nba,401810691,CHA,131,CHI,99,CHA,Final
20260224,nba,401810692,MIA,117,MIL,128,MIL,Final
20260224,nba,401810693,GS,109,NO,113,NO,Final
20260224,nba,401810694,BOS,97,PHX,81,BOS,Final
20260224,nba,401810696,MIN,124,POR,121,MIN,Final
20260224,nba,401810695,ORL,110,LAL,109,ORL,Final
20260225,nba,401810697,OKC,116,DET,124,DET,Final
20260225,nba,401810698,SA,110,TOR,107,SA,Final
20260225,nba,401810699,GS,133,MEM,112,GS,Final
20260225,nba,401810700,SAC,97,HOU,128,HOU,Final
20260225,nba,401810701,CLE,116,MIL,118,MIL,Final
20260225,nba,401810702,BOS,84,DEN,103,DEN,Final
20260226,nba,401810703,CHA,133,IND,109,CHA,Final
20260226,nba,401810704,MIA,117,PHI,124,PHI,Final
20260226,nba,401810705,WSH,96,ATL,126,ATL,Final
20260226,nba,401810706,SA,126,BKN,110,SA,Final
20260226,nba,401810707,HOU,113,ORL,108,HOU,Final
20260226,nba,401810708,POR,121,CHI,112,POR,Final
20260226,nba,401810709,SAC,130,DAL,121,SAC,Final
20260226,nba,401810710,LAL,110,PHX,113,PHX,Final
20260226,nba,401810711,NO,129,UTAH,118,NO,Final
20260226,nba,401810712,MIN,94,LAC,88,MIN,Final
20260227,nba,401810713,CLE,119,DET,122,DET,Final/OT
20260227,nba,401810714,BKN,111,BOS,148,BOS,Final
20260227,nba,401810715,NY,127,MIL,98,NY,Final
20260227,nba,401810716,MEM,124,DAL,105,MEM,Final
20260227,nba,401810717,DEN,121,OKC,127,OKC,Final/OT
20260228,nba,401810718,POR,93,CHA,109,CHA,Final
20260228,nba,401810719,HOU,105,MIA,115,MIA,Final
20260228,nba,401810720,TOR,134,WSH,125,TOR,Final
20260228,nba,401810721,LAL,129,GS,101,LAL,Final
20260228,nba,401810722,NO,115,UTAH,105,NO,Final
20260301,nba,401810723,SA,89,NY,114,NY,Final
20260301,nba,401810724,CLE,106,BKN,102,CLE,Final
20260301,nba,401810725,MIL,97,CHI,120,CHI,Final
20260301,nba,401810726,MIN,117,DEN,108,MIN,Final
20260301,nba,401810727,MEM,125,IND,106,MEM,Final
20260301,nba,401810728,POR,101,ATL,135,ATL,Final
20260301,nba,401810730,DET,106,ORL,92,DET,Final
20260301,nba,401810729,PHI,98,BOS,114,BOS,Final
20260301,nba,401810731,OKC,100,DAL,87,OKC,Final
20260301,nba,401810732,NO,117,LAC,137,LAC,Final
20260301,nba,401810733,SAC,104,LAL,128,LAL,Final
20260302,nba,401810734,HOU,123,WSH,118,HOU,Final
20260302,nba,401810735,BOS,108,MIL,81,BOS,Final
20260302,nba,401810736,DEN,128,UTAH,125,DEN,Final
20260302,nba,401810737,LAC,114,GS,101,LAC,Final
20260303,nba,401810738,DAL,90,CHA,117,CHA,Final
20260303,nba,401810739,DET,109,CLE,113,CLE,Final
20260303,nba,401810740,WSH,109,ORL,126,ORL,Final
20260303,nba,401810741,BKN,98,MIA,124,MIA,Final
20260303,nba,401810742,NY,111,TOR,95,NY,Final
20260303,nba,401810743,SA,131,PHI,91,SA,Final
20260303,nba,401810744,OKC,116,CHI,108,OKC,Final
20260303,nba,401810745,MEM,110,MIN,117,MIN,Final
20260303,nba,401810746,NO,101,LAL,110,LAL,Final
20260303,nba,401810747,PHX,114,SAC,103,PHX,Final
20260304,nba,401810748,OKC,103,NY,100,OKC,Final
20260304,nba,401810749,CHA,118,BOS,89,CHA,Final
20260304,nba,401810750,UTAH,102,PHI,106,PHI,Final
20260304,nba,401810751,POR,122,MEM,114,POR,Final
20260304,nba,401810752,ATL,131,MIL,113,ATL,Final
20260304,nba,401810753,IND,107,LAC,130,LAC,Final
20260305,nba,401810754,DAL,114,ORL,115,ORL,Final
20260305,nba,401810755,UTAH,122,WSH,112,UTAH,Final
20260305,nba,401810756,BKN,110,MIA,126,MIA,Final
20260305,nba,401810757,GS,115,HOU,113,GS,Final/OT
20260305,nba,401810758,TOR,107,MIN,115,MIN,Final
20260305,nba,401810759,DET,106,SA,121,SA,Final
20260305,nba,401810760,CHI,105,PHX,103,CHI,Final
20260305,nba,401810761,LAL,113,DEN,120,DEN,Final
20260305,nba,401810762,NO,133,SAC,123,NO,Final
20260306,nba,401810763,DAL,100,BOS,120,BOS,Final
20260306,nba,401810764,MIA,128,CHA,120,MIA,Final
20260306,nba,401810765,POR,99,HOU,106,HOU,Final
20260306,nba,401810766,NY,142,DEN,103,NY,Final
20260306,nba,401810767,NO,116,PHX,118,PHX,Final
20260306,nba,401810768,LAC,112,SA,116,SA,Final
20260306,nba,401810769,IND,117,LAL,128,LAL,Final
20260307,nba,401810770,ORL,119,MIN,92,ORL,Final
20260307,nba,401810771,BKN,107,DET,105,BKN,Final
20260307,nba,401810772,PHI,116,ATL,125,ATL,Final
20260307,nba,401810773,LAC,123,MEM,120,LAC,Final
20260307,nba,401810774,UTAH,99,MIL,113,MIL,Final
20260307,nba,401810775,GS,97,OKC,104,OKC,Final
20260308,nba,401810776,BOS,109,CLE,98,BOS,Final
20260308,nba,401810777,NY,97,LAL,110,LAL,Final
20260308,nba,401810778,DET,110,MIA,121,MIA,Final
20260308,nba,401810779,DAL,92,TOR,122,TOR,Final
20260308,nba,401810780,WSH,118,NO,138,NO,Final
20260308,nba,401810781,ORL,130,MIL,91,ORL,Final
20260308,nba,401810782,HOU,120,SA,145,SA,Final
20260308,nba,401810784,IND,111,POR,131,POR,Final
20260308,nba,401810785,CHI,110,SAC,126,SAC,Final
20260308,nba,401810783,CHA,99,PHX,111,PHX,Final
20260309,nba,401810786,PHI,101,CLE,115,CLE,Final
20260309,nba,401810787,MEM,115,BKN,126,BKN,Final
20260309,nba,401810788,DEN,126,OKC,129,OKC,Final
20260309,nba,401810789,GS,116,UTAH,119,UTAH,Final
20260309,nba,401810790,NY,118,LAC,126,LAC,Final
20260310,nba,401810791,MEM,129,PHI,139,PHI,Final
20260310,nba,401810792,DET,138,BKN,100,DET,Final
20260310,nba,401810793,WSH,129,MIA,150,MIA,Final
20260310,nba,401810794,DAL,112,ATL,124,ATL,Final
20260310,nba,401810795,TOR,99,HOU,113,HOU,Final
20260310,nba,401810796,PHX,129,MIL,114,PHX,Final
20260310,nba,401810797,BOS,116,SA,125,SA,Final
20260310,nba,401810798,CHI,130,GS,124,CHI,Final/OT
20260310,nba,401810799,CHA,103,POR,101,CHA,Final
20260310,nba,401810800,IND,109,SAC,114,SAC,Final
20260310,nba,401810801,MIN,106,LAL,120,LAL,Final
20260311,nba,401810802,CLE,122,ORL,128,ORL,Final
20260311,nba,401810803,TOR,111,NO,122,NO,Final
20260311,nba,401810804,NY,134,UTAH,117,NY,Final
20260311,nba,401810805,HOU,93,DEN,129,DEN,Final
20260311,nba,401810806,CHA,117,SAC,109,CHA,Final
20260311,nba,401810807,MIN,128,LAC,153,LAC,Final
20260312,nba,401810808,PHI,109,DET,131,DET,Final
20260312,nba,401810809,PHX,123,IND,108,PHX,Final
20260312,nba,401810810,WSH,131,ORL,136,ORL,Final/OT
20260312,nba,401810811,BKN,97,ATL,108,ATL,Final
20260312,nba,401810812,MIL,105,MIA,112,MIA,Final
20260312,nba,401810966,DAL,120,MEM,112,DAL,Final
20260312,nba,401810813,DEN,136,SA,131,DEN,Final
20260312,nba,401810814,BOS,102,OKC,104,OKC,Final
20260312,nba,401810815,CHI,130,LAL,142,LAL,Final
20260313,nba,401810816,MEM,110,DET,126,DET,Final
20260313,nba,401810817,NY,101,IND,92,NY,Final
20260313,nba,401810818,PHX,115,TOR,122,TOR,Final
20260313,nba,401810820,CLE,138,DAL,105,CLE,Final
20260313,nba,401810819,NO,105,HOU,107,HOU,Final
20260313,nba,401810821,MIN,127,GS,117,MIN,Final
20260313,nba,401810822,UTAH,114,POR,124,POR,Final
20260313,nba,401810823,CHI,108,LAC,119,LAC,Final
20260314,nba,401810824,BKN,97,PHI,104,PHI,Final
20260314,nba,401810825,MIL,99,ATL,122,ATL,Final
20260314,nba,401810828,CHA,102,SA,115,SA,Final
20260314,nba,401810826,WSH,100,BOS,111,BOS,Final
20260314,nba,401810827,ORL,121,MIA,117,ORL,Final
20260314,nba,401810829,DEN,125,LAL,127,LAL,Final/OT
20260314,nba,401810830,SAC,118,LAC,109,SAC,Final
20260315,nba,401810831,MIN,103,OKC,116,OKC,Final
20260315,nba,401810832,DAL,130,CLE,120,DAL,Final
20260315,nba,401810833,DET,108,TOR,119,TOR,Final
20260315,nba,401810834,IND,123,MIL,134,MIL,Final
20260315,nba,401810835,POR,103,PHI,109,PHI,Final
20260315,nba,401810836,GS,107,NY,110,NY,Final
20260315,nba,401810837,UTAH,111,SAC,116,SAC,Final
20260316,nba,401810838,ORL,112,ATL,124,ATL,Final
20260316,nba,401810839,GS,125,WSH,117,GS,Final
20260316,nba,401810840,POR,114,BKN,95,POR,Final
20260316,nba,401810841,PHX,112,BOS,120,BOS,Final
20260316,nba,401810842,MEM,107,CHI,132,CHI,Final
20260316,nba,401810843,DAL,111,NO,129,NO,Final
20260316,nba,401810844,LAL,100,HOU,92,LAL,Final
20260316,nba,401810845,SA,119,LAC,115,SA,Final
20260317,nba,401810846,MIA,106,CHA,136,CHA,Final
20260317,nba,401810847,OKC,113,ORL,108,OKC,Final
20260317,nba,401810848,DET,130,WSH,117,DET,Final
20260317,nba,401810849,IND,110,NY,136,NY,Final
20260317,nba,401810850,CLE,123,MIL,116,CLE,Final
20260317,nba,401810851,PHX,104,MIN,116,MIN,Final
20260317,nba,401810852,PHI,96,DEN,124,DEN,Final
20260317,nba,401810853,SA,132,SAC,104,SA,Final
20260318,nba,401810854,GS,99,BOS,120,BOS,Final
20260318,nba,401810855,OKC,121,BKN,92,OKC,Final
20260318,nba,401810856,POR,127,IND,119,POR,Final
20260318,nba,401810857,TOR,139,CHI,109,TOR,Final
20260318,nba,401810859,UTAH,111,MIN,147,MIN,Final
20260318,nba,401810860,LAC,109,NO,124,NO,Final
20260318,nba,401810861,ATL,135,DAL,120,ATL,Final
20260318,nba,401858693,DEN,118,MEM,125,MEM,Final
20260318,nba,401810862,LAL,124,HOU,116,LAL,Final
20260319,nba,401810863,ORL,111,CHA,130,CHA,Final
20260319,nba,401810864,DET,117,WSH,95,DET,Final
20260319,nba,401810865,LAL,134,MIA,126,LAL,Final
20260319,nba,401810866,CLE,115,CHI,110,CLE,Final
20260319,nba,401810867,LAC,99,NO,105,NO,Final
20260319,nba,401810868,PHX,100,SA,101,SA,Final
20260319,nba,401810869,MIL,96,UTAH,128,UTAH,Final
20260319,nba,401810870,PHI,139,SAC,118,PHI,Final
20260320,nba,401810871,NY,93,BKN,92,NY,Final
20260320,nba,401810872,GS,101,DET,115,DET,Final
20260320,nba,401810873,ATL,95,HOU,117,HOU,Final
20260320,nba,401810874,BOS,117,MEM,112,BOS,Final
20260320,nba,401810875,POR,108,MIN,104,POR,Final
20260320,nba,401810876,TOR,115,DEN,121,DEN,Final
20260321,nba,401810877,OKC,132,WSH,111,OKC,Final
20260321,nba,401810878,MEM,101,CHA,124,CHA,Final
20260321,nba,401810879,LAL,105,ORL,104,LAL,Final
20260321,nba,401810880,CLE,111,NO,106,CLE,Final
20260321,nba,401810881,GS,110,ATL,126,ATL,Final
20260321,nba,401810882,MIA,122,HOU,123,HOU,Final
20260321,nba,401810883,IND,119,SA,134,SA,Final
20260321,nba,401810884,LAC,138,DAL,131,LAC,Final/OT
20260321,nba,401810885,PHI,126,UTAH,116,PHI,Final
20260321,nba,401810886,MIL,108,PHX,105,MIL,Final
20260322,nba,401810887,POR,112,DEN,128,DEN,Final
20260322,nba,401810888,BKN,122,SAC,126,SAC,Final
20260322,nba,401810889,WSH,113,NY,145,NY,Final
20260322,nba,401810890,MIN,102,BOS,92,MIN,Final
20260322,nba,401810891,TOR,98,PHX,120,PHX,Final
20260323,nba,401810893,LAL,110,DET,113,DET,Final
20260323,nba,401810894,IND,128,ORL,126,IND,Final
20260323,nba,401810895,OKC,123,PHI,103,OKC,Final
20260323,nba,401810896,SA,136,MIA,111,SA,Final
20260323,nba,401810892,MEM,107,ATL,146,ATL,Final
20260323,nba,401810897,HOU,124,CHI,132,CHI,Final
20260323,nba,401810898,TOR,143,UTAH,127,TOR,Final
20260323,nba,401810899,GS,137,DAL,131,GS,Final/OT
20260323,nba,401810900,BKN,99,POR,134,POR,Final
20260323,nba,401810901,MIL,96,LAC,129,LAC,Final
20260324,nba,401810902,SAC,90,CHA,134,CHA,Final
20260324,nba,401810903,NO,116,NY,121,NY,Final
20260324,nba,401810904,ORL,131,CLE,136,CLE,Final
20260324,nba,401810905,DEN,125,PHX,123,DEN,Final
20260325,nba,401810906,ATL,130,DET,129,ATL,Final/OT
20260325,nba,401810907,LAL,137,IND,130,LAL,Final
20260325,nba,401810908,CHI,137,PHI,157,PHI,Final
20260325,nba,401810909,OKC,109,BOS,119,BOS,Final
20260325,nba,401810910,MIA,120,CLE,103,MIA,Final
20260325,nba,401810911,SA,123,MEM,98,SA,Final
20260325,nba,401810912,WSH,133,UTAH,110,WSH,Final
20260325,nba,401810913,HOU,108,MIN,110,MIN,Final/OT
20260325,nba,401810914,DAL,135,DEN,142,DEN,Final
20260325,nba,401810915,BKN,106,GS,109,GS,Final
20260325,nba,401810916,MIL,99,POR,130,POR,Final
20260325,nba,401810917,TOR,94,LAC,119,LAC,Final
20260326,nba,401810918,NY,103,CHA,114,CHA,Final
20260326,nba,401810919,NO,108,DET,129,DET,Final
20260326,nba,401810920,SAC,117,ORL,121,ORL,Final
20260327,nba,401810921,LAC,114,IND,113,LAC,Final
20260327,nba,401810922,ATL,102,BOS,109,BOS,Final
20260327,nba,401810923,MIA,128,CLE,149,CLE,Final
20260327,nba,401810924,HOU,119,MEM,109,HOU,Final
20260327,nba,401810925,CHI,113,OKC,131,OKC,Final
20260327,nba,401810926,NO,106,TOR,119,TOR,Final
20260327,nba,401810927,UTAH,129,DEN,135,DEN,Final
20260327,nba,401810928,WSH,126,GS,131,GS,Final
20260327,nba,401810929,DAL,100,POR,93,DAL,Final
20260327,nba,401810930,BKN,99,LAL,116,LAL,Final
20260328,nba,401810931,SA,127,MIL,95,SA,Final
20260328,nba,401810935,DET,109,MIN,87,DET,Final
20260328,nba,401810932,PHI,118,CHA,114,PHI,Final
20260328,nba,401810933,SAC,113,ATL,123,ATL,Final
20260328,nba,401810934,CHI,124,MEM,125,MEM,Final
20260328,nba,401810936,UTAH,109,PHX,134,PHX,Final
20260329,nba,401810937,LAC,127,MIL,113,LAC,Final
20260329,nba,401810938,MIA,118,IND,135,IND,Final
20260329,nba,401810939,SAC,99,BKN,116,BKN,Final
20260329,nba,401810940,BOS,114,CHA,99,BOS,Final
20260329,nba,401810941,ORL,87,TOR,139,TOR,Final
20260329,nba,401810942,WSH,88,POR,123,POR,Final
20260329,nba,401810943,HOU,134,NO,102,HOU,Final
20260329,nba,401810944,NY,100,OKC,111,OKC,Final
20260329,nba,401810945,GS,93,DEN,116,DEN,Final
20260330,nba,401810946,PHI,109,MIA,119,MIA,Final
20260330,nba,401810947,BOS,102,ATL,112,ATL,Final
20260330,nba,401810948,PHX,131,MEM,105,PHX,Final
20260330,nba,401810949,CHI,114,SA,129,SA,Final
20260330,nba,401810950,MIN,124,DAL,94,MIN,Final
20260330,nba,401810951,CLE,122,UTAH,113,CLE,Final
20260330,nba,401810952,DET,110,OKC,114,OKC,Final/OT
20260330,nba,401810953,WSH,101,LAL,120,LAL,Final
20260331,nba,401810954,PHX,111,ORL,115,ORL,Final
20260331,nba,401810955,CHA,117,BKN,86,CHA,Final
20260331,nba,401810956,TOR,116,DET,127,DET,Final
20260331,nba,401810957,NY,94,HOU,111,HOU,Final
20260331,nba,401858694,DAL,99,MIL,123,MIL,Final
20260331,nba,401810958,CLE,113,LAL,127,LAL,Final
20260331,nba,401810959,POR,114,LAC,104,POR,Final
20260401,nba,401810960,PHI,153,WSH,131,PHI,Final
20260401,nba,401810962,ATL,130,ORL,101,ATL,Final
20260401,nba,401810961,BOS,147,MIA,129,BOS,Final
20260401,nba,401810858,NY,130,MEM,119,NY,Final
20260401,nba,401810963,SAC,123,TOR,115,SAC,Final
20260401,nba,401810964,IND,145,CHI,126,IND,Final
20260401,nba,401810965,MIL,113,HOU,119,HOU,Final
20260401,nba,401810967,DEN,130,UTAH,117,DEN,Final
20260401,nba,401810968,SA,127,GS,113,SA,Final
20260402,nba,401810969,PHX,107,CHA,127,CHA,Final
20260402,nba,401810970,MIN,108,DET,113,DET,Final
20260402,nba,401810971,LAL,96,OKC,139,OKC,Final
20260402,nba,401810972,CLE,118,GS,111,CLE,Final
20260402,nba,401810973,NO,106,POR,118,POR,Final
20260402,nba,401810974,SA,118,LAC,99,SA,Final
20260403,nba,401810975,IND,108,CHA,129,CHA,Final
20260403,nba,401810976,MIN,103,PHI,115,PHI,Final
20260403,nba,401810977,ATL,141,BKN,107,ATL,Final
20260403,nba,401810978,CHI,96,NY,136,NY,Final
20260403,nba,401810979,UTAH,106,HOU,140,HOU,Final
20260403,nba,401810980,TOR,128,MEM,96,TOR,Final
20260403,nba,401810981,BOS,133,MIL,101,BOS,Final
20260403,nba,401810982,ORL,138,DAL,127,ORL,Final
20260403,nba,401810983,NO,113,SAC,117,SAC,Final
20260404,nba,401810984,WSH,136,MIA,152,MIA,Final
20260404,nba,401810985,SA,134,DEN,136,DEN,Final/OT
20260404,nba,401810986,DET,116,PHI,93,DET,Final
20260405,nba,401810987,TOR,101,BOS,115,BOS,Final
20260405,nba,401810988,WSH,115,BKN,121,BKN,Final
20260405,nba,401810989,PHX,120,CHI,110,PHX,Final
20260405,nba,401810990,MEM,115,MIL,131,MIL,Final
20260405,nba,401810991,IND,108,CLE,117,CLE,Final
20260405,nba,401810992,CHA,122,MIN,108,CHA,Final
20260405,nba,401810993,ORL,112,NO,108,ORL,Final
20260405,nba,401810994,UTAH,111,OKC,146,OKC,Final
20260405,nba,401810995,LAL,128,DAL,134,DAL,Final
20260405,nba,401810996,LAC,138,SAC,109,LAC,Final
20260405,nba,401810997,HOU,117,GS,116,HOU,Final
20260406,nba,401810998,NY,108,ATL,105,NY,Final
20260406,nba,401810999,DET,107,ORL,123,ORL,Final
20260406,nba,401811000,CLE,142,MEM,126,CLE,Final
20260406,nba,401811001,PHI,102,SA,115,SA,Final
20260406,nba,401811002,POR,132,DEN,137,DEN,Final/OT
20260407,nba,401811003,CHI,129,WSH,98,CHI,Final
20260407,nba,401811007,MIN,124,IND,104,MIN,Final
20260407,nba,401811005,MIL,90,BKN,96,BKN,Final
20260407,nba,401811006,MIA,95,TOR,121,TOR,Final
20260407,nba,401811004,CHA,102,BOS,113,BOS,Final
20260407,nba,401811008,UTAH,137,NO,156,NO,Final
20260407,nba,401811009,SAC,105,GS,110,GS,Final
20260407,nba,401811010,OKC,123,LAL,87,OKC,Final
20260407,nba,401811011,DAL,103,LAC,116,LAC,Final
20260407,nba,401811012,HOU,119,PHX,105,HOU,Final
20260408,nba,401811013,ATL,116,CLE,122,CLE,Final
20260408,nba,401811014,MIN,120,ORL,132,ORL,Final
20260408,nba,401811015,MIL,111,DET,137,DET,Final
20260408,nba,401811017,MEM,119,DEN,136,DEN,Final
20260408,nba,401811016,POR,101,SA,112,SA,Final
20260408,nba,401811018,OKC,128,LAC,110,OKC,Final
20260408,nba,401811019,DAL,107,PHX,112,PHX,Final
20260409,nba,401811020,MIA,114,TOR,128,TOR,Final
20260409,nba,401811021,CHI,119,WSH,108,CHI,Final
20260409,nba,401811022,IND,123,BKN,94,IND,Final
20260409,nba,401811023,BOS,106,NY,112,NY,Final
20260409,nba,401811024,PHI,102,HOU,113,HOU,Final
20260409,nba,401811025,LAL,119,GS,103,LAL,Final
20260410,nba,401811026,DET,118,CHA,100,DET,Final
20260410,nba,401811027,MIA,140,WSH,117,MIA,Final
20260410,nba,401811028,CLE,102,ATL,124,ATL,Final
20260410,nba,401811029,NO,118,BOS,144,BOS,Final
20260410,nba,401811030,PHI,105,IND,94,PHI,Final
20260410,nba,401811031,TOR,95,NY,112,NY,Final
20260410,nba,401811032,ORL,127,CHI,103,ORL,Final
20260410,nba,401811034,BKN,108,MIL,125,MIL,Final
20260410,nba,401811035,DAL,120,SA,139,SA,Final
20260410,nba,401811037,OKC,107,DEN,127,DEN,Final
20260410,nba,401811033,MIN,136,HOU,132,MIN,Final
20260410,nba,401811036,MEM,101,UTAH,147,UTAH,Final
20260410,nba,401811038,LAC,97,POR,116,POR,Final
20260410,nba,401811039,GS,118,SAC,124,SAC,Final
20260410,nba,401811040,PHX,73,LAL,101,LAL,Final
20260412,nba,401811041,ORL,108,BOS,113,BOS,Final
20260412,nba,401811042,WSH,117,CLE,130,CLE,Final
20260412,nba,401811043,DET,133,IND,121,DET,Final
20260412,nba,401811044,ATL,117,MIA,143,MIA,Final
20260412,nba,401811045,CHA,110,NY,96,CHA,Final
20260412,nba,401811046,MIL,106,PHI,126,PHI,Final
20260412,nba,401811047,BKN,101,TOR,136,TOR,Final
20260412,nba,401811048,CHI,128,DAL,149,DAL,Final
20260412,nba,401811049,MEM,101,HOU,132,HOU,Final
20260412,nba,401811050,NO,126,MIN,132,MIN,Final
20260412,nba,401811051,PHX,135,OKC,103,PHX,Final
20260412,nba,401811052,DEN,128,SA,118,DEN,Final
20260412,nba,401811053,UTAH,107,LAL,131,LAL,Final
20260412,nba,401811054,GS,110,LAC,115,LAC,Final
20260412,nba,401811055,SAC,110,POR,122,POR,Final
20260414,nba,401866755,MIA,126,CHA,127,CHA,Final/OT
20260414,nba,401866754,POR,114,PHX,110,POR,Final
20260415,nba,401866757,ORL,97,PHI,109,PHI,Final
20260415,nba,401866756,GS,126,LAC,121,GS,Final
20260417,nba,401866758,CHA,90,ORL,121,ORL,Final
20260417,nba,401866759,GS,96,PHX,111,PHX,Final
20260418,nba,401869187,TOR,113,CLE,126,CLE,Final
20260418,nba,401869188,MIN,105,DEN,116,DEN,Final
20260418,nba,401869189,ATL,102,NY,113,NY,Final
20260418,nba,401869190,HOU,98,LAL,107,LAL,Final
20260419,nba,401869191,PHI,91,BOS,123,BOS,Final
20260419,nba,401869192,PHX,84,OKC,119,OKC,Final
20260419,nba,401869193,ORL,112,DET,101,ORL,Final
20260419,nba,401869194,POR,98,SA,111,SA,Final
20260420,nba,401869369,TOR,105,CLE,115,CLE,Final
20260420,nba,401869387,ATL,107,NY,106,ATL,Final
20260420,nba,401869395,MIN,119,DEN,114,MIN,Final
20260421,nba,401869396,PHI,111,BOS,97,PHI,Final
20260421,nba,401869378,POR,106,SA,103,POR,Final
20260421,nba,401869397,HOU,94,LAL,101,LAL,Final
20260422,nba,401869411,ORL,83,DET,98,DET,Final
20260422,nba,401869368,PHX,107,OKC,120,OKC,Final
20260423,nba,401869389,NY,108,ATL,109,ATL,Final
20260423,nba,401869375,CLE,104,TOR,126,TOR,Final
20260423,nba,401869398,DEN,96,MIN,113,MIN,Final
20260424,nba,401869404,BOS,108,PHI,100,BOS,Final
20260424,nba,401869400,LAL,112,HOU,108,LAL,Final/OT
20260424,nba,401869382,SA,120,POR,108,SA,Final
20260425,nba,401869414,DET,105,ORL,113,ORL,Final
20260425,nba,401869370,OKC,121,PHX,109,OKC,Final
20260425,nba,401869391,NY,114,ATL,98,NY,Final
20260425,nba,401869399,DEN,96,MIN,112,MIN,Final
20260426,nba,401869377,CLE,89,TOR,93,TOR,Final
20260426,nba,401869385,SA,114,POR,93,SA,Final
20260426,nba,401869406,BOS,128,PHI,96,BOS,Final
20260426,nba,401869405,LAL,96,HOU,115,HOU,Final
20260427,nba,401869415,DET,88,ORL,94,ORL,Final
20260427,nba,401869373,OKC,131,PHX,122,OKC,Final
20260427,nba,401869401,MIN,113,DEN,125,DEN,Final
20260428,nba,401869408,PHI,113,BOS,97,PHI,Final
20260428,nba,401869392,ATL,97,NY,126,NY,Final
20260428,nba,401869386,POR,95,SA,114,SA,Final
20260429,nba,401869416,ORL,109,DET,116,DET,Final
20260429,nba,401869380,TOR,120,CLE,125,CLE,Final
20260429,nba,401869407,HOU,99,LAL,93,HOU,Final
20260430,nba,401869393,NY,140,ATL,89,NY,Final
20260430,nba,401869410,BOS,93,PHI,106,PHI,Final
20260430,nba,401869402,DEN,98,MIN,110,MIN,Final
20260501,nba,401869417,DET,93,ORL,79,DET,Final
20260501,nba,401869381,CLE,110,TOR,112,TOR,Final/OT
20260501,nba,401869409,LAL,98,HOU,78,LAL,Final
20260502,nba,401869412,PHI,109,BOS,100,PHI,Final
20260503,nba,401869418,ORL,94,DET,116,DET,Final
20260503,nba,401869384,TOR,102,CLE,114,CLE,Final
20260504,nba,401871159,PHI,98,NY,137,NY,Final
20260504,nba,401871152,MIN,104,SA,102,MIN,Final
20260505,nba,401871333,CLE,101,DET,111,DET,Final
20260505,nba,401871326,LAL,90,OKC,108,OKC,Final
20260506,nba,401871160,PHI,102,NY,108,NY,Final
20260506,nba,401871153,MIN,95,SA,133,SA,Final
20260507,nba,401871334,CLE,97,DET,107,DET,Final
20260507,nba,401871327,LAL,107,OKC,125,OKC,Final
20260508,nba,401871161,NY,108,PHI,94,NY,Final
20260508,nba,401871154,SA,115,MIN,108,SA,Final
20260509,nba,401871335,DET,109,CLE,116,CLE,Final
20260509,nba,401871328,OKC,131,LAL,108,OKC,Final
20260510,nba,401871162,NY,144,PHI,114,NY,Final
20260510,nba,401871155,SA,109,MIN,114,MIN,Final
20260511,nba,401871336,DET,103,CLE,112,CLE,Final
20260511,nba,401871329,OKC,115,LAL,110,OKC,Final
20260512,nba,401871156,MIN,97,SA,126,SA,Final
20260513,nba,401871337,CLE,117,DET,113,CLE,Final/OT
20260515,nba,401871338,DET,115,CLE,94,DET,Final
20260515,nba,401871157,SA,139,MIN,109,SA,Final
20260517,nba,401871339,CLE,125,DET,94,CLE,Final
20260518,nba,401873197,SA,122,OKC,115,SA,Final/2OT
20260519,nba,401873341,CLE,104,NY,115,NY,Final/OT
20260520,nba,401873198,SA,113,OKC,122,OKC,Final
20260521,nba,401873342,CLE,93,NY,109,NY,Final
20260522,nba,401873199,OKC,123,SA,108,OKC,Final
20260523,nba,401873343,NY,121,CLE,108,NY,Final
20260524,nba,401873200,OKC,82,SA,103,SA,Final
20260525,nba,401873344,NY,130,CLE,93,NY,Final
20260526,nba,401873201,SA,114,OKC,127,OKC,Final
20260528,nba,401873202,OKC,91,SA,118,SA,Final
20260530,nba,401873203,SA,111,OKC,103,SA,Final
20260603,nba,401859963,NY,105,SA,95,NY,Final
20260605,nba,401859964,NY,105,SA,104,NY,Final
20260608,nba,401859965,SA,115,NY,111,SA,Final
20260610,nba,401859966,SA,106,NY,107,NY,Final
20260613,nba,401859967,NY,94,SA,90,NY,Final
